{
    "RMSE": 0.7826726351208562,
    "MAE": 0.6480878867891092,
    "R2": 0.029870621970561673
}